{
  "strategy": "Baseline",
  "thresholds": {
    "LOW": 0.9974212646484375,
    "MEDIUM": 0.9606784582138062,
    "HIGH": 0.9933761954307556
  }
}