{
  "strategy": "Baseline",
  "thresholds": {
    "LOW": 0.95,
    "MEDIUM": 0.9727210402488708,
    "HIGH": 0.9941260814666748
  }
}