{
  "strategy": "Baseline",
  "thresholds": {
    "LOW": 0.974726676940918,
    "MEDIUM": 0.82405686378479,
    "HIGH": 0.8799727559089661
  }
}