{
  "strategy": "Baseline",
  "thresholds": {
    "LOW": 0.9969005584716797,
    "MEDIUM": 0.9544006586074829,
    "HIGH": 0.9901421666145325
  }
}